{
  "last_node_id": 185,
  "last_link_id": 14,
  "nodes": [
    {
      "id": 182,
      "type": "StreamDiffusionConfig",
      "pos": [
        637.4096069335938,
        -64.53878021240234
      ],
      "size": [
        405.5999755859375,
        338
      ],
      "flags": {},
      "order": 2,
      "mode": 0,
      "inputs": [
        {
          "name": "model",
          "type": "SDMODEL",
          "link": 11
        },
        {
          "name": "opt_lora_dict",
          "type": "LORA_DICT",
          "link": null,
          "shape": 7
        },
        {
          "name": "opt_advanced_config",
          "type": "ADVANCED_CONFIG",
          "link": null,
          "shape": 7
        }
      ],
      "outputs": [
        {
          "name": "STREAM_MODEL",
          "type": "STREAM_MODEL",
          "links": [
            12
          ],
          "slot_index": 0
        }
      ],
      "properties": {
        "Node name for S&R": "StreamDiffusionConfig"
      },
      "widgets_values": [
        "39,35,30",
        "img2img",
        512,
        512,
        "none",
        1,
        true,
        "self",
        true,
        2,
        "randomize"
      ]
    },
    {
      "id": 147,
      "type": "LoadImage",
      "pos": [
        140.06507873535156,
        128.4590301513672
      ],
      "size": [
        315,
        314
      ],
      "flags": {},
      "order": 0,
      "mode": 0,
      "inputs": [],
      "outputs": [
        {
          "name": "IMAGE",
          "type": "IMAGE",
          "links": [
            13
          ],
          "slot_index": 0
        },
        {
          "name": "MASK",
          "type": "MASK",
          "links": null
        }
      ],
      "properties": {
        "Node name for S&R": "LoadImage"
      },
      "widgets_values": [
        "ryan.png",
        "image"
      ]
    },
    {
      "id": 184,
      "type": "StreamDiffusionSampler",
      "pos": [
        1147.4066162109375,
        -65.77965545654297
      ],
      "size": [
        400,
        218
      ],
      "flags": {},
      "order": 3,
      "mode": 0,
      "inputs": [
        {
          "name": "stream_model",
          "type": "STREAM_MODEL",
          "link": 12
        },
        {
          "name": "image",
          "type": "IMAGE",
          "link": 13,
          "shape": 7
        }
      ],
      "outputs": [
        {
          "name": "IMAGE",
          "type": "IMAGE",
          "links": [
            14
          ],
          "slot_index": 0
        }
      ],
      "properties": {
        "Node name for S&R": "StreamDiffusionSampler"
      },
      "widgets_values": [
        "",
        "",
        50,
        1.2,
        1
      ]
    },
    {
      "id": 183,
      "type": "StreamDiffusionCheckpointLoader",
      "pos": [
        146.02566528320312,
        -60.816200256347656
      ],
      "size": [
        390.5999755859375,
        58
      ],
      "flags": {},
      "order": 1,
      "mode": 0,
      "inputs": [],
      "outputs": [
        {
          "name": "SDMODEL",
          "type": "SDMODEL",
          "links": [
            11
          ]
        }
      ],
      "properties": {
        "Node name for S&R": "StreamDiffusionCheckpointLoader"
      },
      "widgets_values": [
        "sd_turbo.safetensors"
      ]
    },
    {
      "id": 185,
      "type": "SaveImage",
      "pos": [
        1605.2867431640625,
        -49.64839553833008
      ],
      "size": [
        315,
        58
      ],
      "flags": {},
      "order": 4,
      "mode": 0,
      "inputs": [
        {
          "name": "images",
          "type": "IMAGE",
          "link": 14
        }
      ],
      "outputs": [],
      "properties": {},
      "widgets_values": [
        "ComfyUI"
      ]
    }
  ],
  "links": [
    [
      11,
      183,
      0,
      182,
      0,
      "SDMODEL"
    ],
    [
      12,
      182,
      0,
      184,
      0,
      "STREAM_MODEL"
    ],
    [
      13,
      147,
      0,
      184,
      1,
      "IMAGE"
    ],
    [
      14,
      184,
      0,
      185,
      0,
      "IMAGE"
    ]
  ],
  "groups": [],
  "config": {},
  "extra": {
    "ds": {
      "scale": 0.8954302432552854,
      "offset": [
        183.30858000477284,
        577.5603637063653
      ]
    }
  },
  "version": 0.4
}