{
  "last_node_id": 185,
  "last_link_id": 33,
  "nodes": [
    {
      "id": 147,
      "type": "LoadImage",
      "pos": [
        770.3646240234375,
        123.0108871459961
      ],
      "size": [
        315,
        314
      ],
      "flags": {},
      "order": 0,
      "mode": 0,
      "inputs": [],
      "outputs": [
        {
          "name": "IMAGE",
          "type": "IMAGE",
          "links": [
            32
          ],
          "slot_index": 0
        },
        {
          "name": "MASK",
          "type": "MASK",
          "links": null
        }
      ],
      "properties": {
        "Node name for S&R": "LoadImage"
      },
      "widgets_values": [
        "ryan.png",
        "image"
      ]
    },
    {
      "id": 184,
      "type": "StreamDiffusionSampler",
      "pos": [
        1212.7603759765625,
        -212.99252319335938
      ],
      "size": [
        400,
        218
      ],
      "flags": {},
      "order": 3,
      "mode": 0,
      "inputs": [
        {
          "name": "stream_model",
          "type": "STREAM_MODEL",
          "link": 29
        },
        {
          "name": "image",
          "type": "IMAGE",
          "link": 32,
          "shape": 7
        }
      ],
      "outputs": [
        {
          "name": "IMAGE",
          "type": "IMAGE",
          "links": [
            33
          ],
          "slot_index": 0
        }
      ],
      "properties": {
        "Node name for S&R": "StreamDiffusionSampler"
      },
      "widgets_values": [
        "",
        "",
        50,
        1.2,
        1
      ]
    },
    {
      "id": 185,
      "type": "SaveImage",
      "pos": [
        1712.0010986328125,
        -214.68385314941406
      ],
      "size": [
        315,
        270
      ],
      "flags": {},
      "order": 4,
      "mode": 0,
      "inputs": [
        {
          "name": "images",
          "type": "IMAGE",
          "link": 33
        }
      ],
      "outputs": [],
      "properties": {},
      "widgets_values": [
        "ComfyUI"
      ]
    },
    {
      "id": 183,
      "type": "StreamDiffusionPrebuiltConfig",
      "pos": [
        742.8117065429688,
        -210.31312561035156
      ],
      "size": [
        405.5999755859375,
        218
      ],
      "flags": {},
      "order": 2,
      "mode": 0,
      "inputs": [
        {
          "name": "model",
          "type": "SDMODEL",
          "link": 28,
          "shape": 7
        },
        {
          "name": "opt_lora_dict",
          "type": "LORA_DICT",
          "link": null,
          "shape": 7
        },
        {
          "name": "opt_advanced_config",
          "type": "ADVANCED_CONFIG",
          "link": null,
          "shape": 7
        }
      ],
      "outputs": [
        {
          "name": "STREAM_MODEL",
          "type": "STREAM_MODEL",
          "links": [
            29
          ],
          "slot_index": 0
        }
      ],
      "properties": {
        "Node name for S&R": "StreamDiffusionPrebuiltConfig"
      },
      "widgets_values": [
        "Kohaku_Slime",
        "39,35,30",
        "img2img",
        1,
        512,
        512
      ]
    },
    {
      "id": 178,
      "type": "StreamDiffusionCheckpointLoader",
      "pos": [
        362.6581726074219,
        -208.93431091308594
      ],
      "size": [
        331.940673828125,
        59.12806701660156
      ],
      "flags": {},
      "order": 1,
      "mode": 0,
      "inputs": [],
      "outputs": [
        {
          "name": "SDMODEL",
          "type": "SDMODEL",
          "links": [
            28
          ],
          "slot_index": 0
        }
      ],
      "properties": {
        "Node name for S&R": "StreamDiffusionCheckpointLoader"
      },
      "widgets_values": [
        "kohaku-v2.1.safetensors"
      ]
    }
  ],
  "links": [
    [
      28,
      178,
      0,
      183,
      0,
      "SDMODEL"
    ],
    [
      29,
      183,
      0,
      184,
      0,
      "STREAM_MODEL"
    ],
    [
      32,
      147,
      0,
      184,
      1,
      "IMAGE"
    ],
    [
      33,
      184,
      0,
      185,
      0,
      "IMAGE"
    ]
  ],
  "groups": [],
  "config": {},
  "extra": {
    "ds": {
      "scale": 0.8954302432552854,
      "offset": [
        -41.288573709007395,
        510.5534349483513
      ]
    }
  },
  "version": 0.4
}