{
  "last_node_id": 184,
  "last_link_id": 29,
  "nodes": [
    {
      "id": 180,
      "type": "Note",
      "pos": [
        654.05322265625,
        -469.2499694824219
      ],
      "size": [
        269.2626037597656,
        115.39826202392578
      ],
      "flags": {},
      "order": 0,
      "mode": 0,
      "inputs": [],
      "outputs": [],
      "properties": {},
      "widgets_values": [
        "since acceleration is set to none, this will just run the diffusion model. We can add LoRA."
      ],
      "color": "#432",
      "bgcolor": "#653"
    },
    {
      "id": 183,
      "type": "StreamDiffusionConfig",
      "pos": [
        625.0007934570312,
        -302.7854919433594
      ],
      "size": [
        405.5999755859375,
        338
      ],
      "flags": {},
      "order": 4,
      "mode": 0,
      "inputs": [
        {
          "name": "model",
          "type": "SDMODEL",
          "link": 29
        },
        {
          "name": "opt_lora_dict",
          "type": "LORA_DICT",
          "link": 26,
          "shape": 7
        },
        {
          "name": "opt_advanced_config",
          "type": "ADVANCED_CONFIG",
          "link": null,
          "shape": 7
        }
      ],
      "outputs": [
        {
          "name": "STREAM_MODEL",
          "type": "STREAM_MODEL",
          "links": [
            25
          ],
          "slot_index": 0
        }
      ],
      "properties": {
        "Node name for S&R": "StreamDiffusionConfig"
      },
      "widgets_values": [
        "39,35,30",
        "img2img",
        512,
        512,
        "none",
        1,
        true,
        "self",
        true,
        76369870,
        "randomize"
      ]
    },
    {
      "id": 147,
      "type": "LoadImage",
      "pos": [
        691.6253051757812,
        91.87641143798828
      ],
      "size": [
        315,
        314
      ],
      "flags": {},
      "order": 1,
      "mode": 0,
      "inputs": [],
      "outputs": [
        {
          "name": "IMAGE",
          "type": "IMAGE",
          "links": [
            27
          ],
          "slot_index": 0
        },
        {
          "name": "MASK",
          "type": "MASK",
          "links": null
        }
      ],
      "properties": {
        "Node name for S&R": "LoadImage"
      },
      "widgets_values": [
        "ryan.png",
        "image"
      ]
    },
    {
      "id": 184,
      "type": "SaveImage",
      "pos": [
        1654.921630859375,
        -261.8368835449219
      ],
      "size": [
        315,
        270
      ],
      "flags": {},
      "order": 6,
      "mode": 0,
      "inputs": [
        {
          "name": "images",
          "type": "IMAGE",
          "link": 28
        }
      ],
      "outputs": [],
      "properties": {},
      "widgets_values": [
        "ComfyUI"
      ]
    },
    {
      "id": 178,
      "type": "StreamDiffusionCheckpointLoader",
      "pos": [
        198.52047729492188,
        -335.3425598144531
      ],
      "size": [
        331.940673828125,
        59.12806701660156
      ],
      "flags": {},
      "order": 2,
      "mode": 0,
      "inputs": [],
      "outputs": [
        {
          "name": "SDMODEL",
          "type": "SDMODEL",
          "links": [
            29
          ],
          "slot_index": 0
        }
      ],
      "properties": {
        "Node name for S&R": "StreamDiffusionCheckpointLoader"
      },
      "widgets_values": [
        "3dCartoonVision_v10.safetensors"
      ]
    },
    {
      "id": 181,
      "type": "StreamDiffusionLoraLoader",
      "pos": [
        210.61001586914062,
        -206.78546142578125
      ],
      "size": [
        315,
        82
      ],
      "flags": {},
      "order": 3,
      "mode": 0,
      "inputs": [
        {
          "name": "previous_loras",
          "type": "LORA_DICT",
          "link": null,
          "shape": 7
        }
      ],
      "outputs": [
        {
          "name": "LORA_DICT",
          "type": "LORA_DICT",
          "links": [
            26
          ],
          "slot_index": 0
        }
      ],
      "properties": {
        "Node name for S&R": "StreamDiffusionLoraLoader"
      },
      "widgets_values": [
        "ral-dissolve-sd15.safetensors",
        0.5
      ]
    },
    {
      "id": 182,
      "type": "StreamDiffusionSampler",
      "pos": [
        1156.093017578125,
        -277.96807861328125
      ],
      "size": [
        400,
        218
      ],
      "flags": {},
      "order": 5,
      "mode": 0,
      "inputs": [
        {
          "name": "stream_model",
          "type": "STREAM_MODEL",
          "link": 25
        },
        {
          "name": "image",
          "type": "IMAGE",
          "link": 27,
          "shape": 7
        }
      ],
      "outputs": [
        {
          "name": "IMAGE",
          "type": "IMAGE",
          "links": [
            28
          ],
          "slot_index": 0
        }
      ],
      "properties": {
        "Node name for S&R": "StreamDiffusionSampler"
      },
      "widgets_values": [
        "ral-dissolve",
        "",
        50,
        1.2,
        1
      ]
    }
  ],
  "links": [
    [
      25,
      183,
      0,
      182,
      0,
      "STREAM_MODEL"
    ],
    [
      26,
      181,
      0,
      183,
      1,
      "LORA_DICT"
    ],
    [
      27,
      147,
      0,
      182,
      1,
      "IMAGE"
    ],
    [
      28,
      182,
      0,
      184,
      0,
      "IMAGE"
    ],
    [
      29,
      178,
      0,
      183,
      0,
      "SDMODEL"
    ]
  ],
  "groups": [],
  "config": {},
  "extra": {
    "ds": {
      "scale": 1.0834705943388956,
      "offset": [
        -158.06259162945642,
        492.0717026735891
      ]
    }
  },
  "version": 0.4
}