{
  "last_node_id": 80,
  "last_link_id": 66,
  "nodes": [
    {
      "id": 74,
      "type": "DownloadAndLoadSAM2RealtimeModel",
      "pos": [
        541,
        160
      ],
      "size": [
        378,
        130
      ],
      "flags": {},
      "order": 0,
      "mode": 0,
      "inputs": [],
      "outputs": [
        {
          "name": "sam2_model",
          "type": "SAM2MODEL",
          "links": [
            59
          ],
          "slot_index": 0
        }
      ],
      "properties": {
        "Node name for S&R": "DownloadAndLoadSAM2RealtimeModel"
      },
      "widgets_values": [
        "sam2_hiera_tiny.pt",
        "realtime",
        "cuda",
        "fp16"
      ]
    },
    {
      "id": 73,
      "type": "ImageCompositeMasked",
      "pos": [
        1220,
        556
      ],
      "size": [
        315,
        146
      ],
      "flags": {},
      "order": 6,
      "mode": 0,
      "inputs": [
        {
          "name": "destination",
          "type": "IMAGE",
          "link": 57
        },
        {
          "name": "source",
          "type": "IMAGE",
          "link": 58
        },
        {
          "name": "mask",
          "type": "MASK",
          "link": 63,
          "shape": 7
        }
      ],
      "outputs": [
        {
          "name": "IMAGE",
          "type": "IMAGE",
          "links": [
            55
          ],
          "slot_index": 0
        }
      ],
      "properties": {
        "Node name for S&R": "ImageCompositeMasked"
      },
      "widgets_values": [
        0,
        0,
        false
      ]
    },
    {
      "id": 52,
      "type": "PreviewImage",
      "pos": [
        1594,
        630
      ],
      "size": [
        210,
        246
      ],
      "flags": {},
      "order": 7,
      "mode": 0,
      "inputs": [
        {
          "name": "images",
          "type": "IMAGE",
          "link": 55
        }
      ],
      "outputs": [],
      "properties": {
        "Node name for S&R": "PreviewImage"
      },
      "widgets_values": []
    },
    {
      "id": 80,
      "type": "StreamDiffusionCheckpointLoader",
      "pos": [
        60,
        331
      ],
      "size": [
        390.5999755859375,
        58
      ],
      "flags": {},
      "order": 1,
      "mode": 0,
      "inputs": [],
      "outputs": [
        {
          "name": "SDMODEL",
          "type": "SDMODEL",
          "links": [
            65
          ],
          "slot_index": 0
        }
      ],
      "properties": {
        "Node name for S&R": "StreamDiffusionCheckpointLoader"
      },
      "widgets_values": [
        "3dCartoonVision_v10.safetensors"
      ]
    },
    {
      "id": 27,
      "type": "LoadImage",
      "pos": [
        154,
        554
      ],
      "size": [
        315,
        314
      ],
      "flags": {},
      "order": 2,
      "mode": 0,
      "inputs": [],
      "outputs": [
        {
          "name": "IMAGE",
          "type": "IMAGE",
          "links": [
            49,
            57,
            60
          ],
          "slot_index": 0
        },
        {
          "name": "MASK",
          "type": "MASK",
          "links": null
        }
      ],
      "properties": {
        "Node name for S&R": "LoadImage"
      },
      "widgets_values": [
        "chillguy.png",
        "image"
      ]
    },
    {
      "id": 61,
      "type": "StreamDiffusionAccelerationSampler",
      "pos": [
        1309,
        247
      ],
      "size": [
        428.4000244140625,
        218
      ],
      "flags": {},
      "order": 5,
      "mode": 0,
      "inputs": [
        {
          "name": "stream_model",
          "type": "STREAM_MODEL",
          "link": 66
        },
        {
          "name": "image",
          "type": "IMAGE",
          "link": 49,
          "shape": 7
        }
      ],
      "outputs": [
        {
          "name": "IMAGE",
          "type": "IMAGE",
          "links": [
            58
          ],
          "slot_index": 0
        }
      ],
      "properties": {
        "Node name for S&R": "StreamDiffusionAccelerationSampler"
      },
      "widgets_values": [
        "Realistic transformation of a human face into a futuristic silver robot. The face should retain recognizable human features but with metallic silver skin, glowing blue eyes, and subtle mechanical details like circuits and panels integrated seamlessly. The overall look should be sleek and modern, with a shiny chrome finish and a slight reflection of light. The background is neutral and futuristic, softly lit to enhance the metallic details. Artistic and photorealistic style, highly detailed, ultra-sharp focus, 8k resolution.",
        "Blurry details, low quality, cartoonish style, unrealistic features, disfigured face, excessive noise, messy background, overly dark shadows, unnatural proportions, dull or matte finish, extra limbs, distorted facial structure, overly dramatic lighting, grainy texture.",
        50,
        1.2,
        1
      ]
    },
    {
      "id": 79,
      "type": "StreamDiffusionEngine",
      "pos": [
        595,
        626
      ],
      "size": [
        405.5999755859375,
        338
      ],
      "flags": {},
      "order": 3,
      "mode": 0,
      "inputs": [
        {
          "name": "model",
          "type": "SDMODEL",
          "link": 65
        },
        {
          "name": "opt_lora_dict",
          "type": "LORA_DICT",
          "link": null,
          "shape": 7
        },
        {
          "name": "opt_advanced_config",
          "type": "ADVANCED_CONFIG",
          "link": null,
          "shape": 7
        }
      ],
      "outputs": [
        {
          "name": "STREAM_MODEL",
          "type": "STREAM_MODEL",
          "links": [
            66
          ],
          "slot_index": 0
        }
      ],
      "properties": {
        "Node name for S&R": "StreamDiffusionEngine"
      },
      "widgets_values": [
        "39,35,30",
        "img2img",
        512,
        512,
        "tensorrt",
        1,
        true,
        "self",
        true,
        94027870,
        "randomize"
      ]
    },
    {
      "id": 75,
      "type": "Sam2RealtimeSegmentation",
      "pos": [
        557,
        357
      ],
      "size": [
        342.5999755859375,
        150
      ],
      "flags": {},
      "order": 4,
      "mode": 0,
      "inputs": [
        {
          "name": "images",
          "type": "IMAGE",
          "link": 60
        },
        {
          "name": "sam2_model",
          "type": "SAM2MODEL",
          "link": 59
        }
      ],
      "outputs": [
        {
          "name": "PROCESSED_IMAGES",
          "type": "IMAGE",
          "links": null
        },
        {
          "name": "MASK",
          "type": "MASK",
          "links": [
            63
          ],
          "slot_index": 1
        }
      ],
      "properties": {
        "Node name for S&R": "Sam2RealtimeSegmentation"
      },
      "widgets_values": [
        "[[200,256]]",
        "",
        false,
        false
      ]
    }
  ],
  "links": [
    [
      49,
      27,
      0,
      61,
      1,
      "IMAGE"
    ],
    [
      55,
      73,
      0,
      52,
      0,
      "IMAGE"
    ],
    [
      57,
      27,
      0,
      73,
      0,
      "IMAGE"
    ],
    [
      58,
      61,
      0,
      73,
      1,
      "IMAGE"
    ],
    [
      59,
      74,
      0,
      75,
      1,
      "SAM2MODEL"
    ],
    [
      60,
      27,
      0,
      75,
      0,
      "IMAGE"
    ],
    [
      63,
      75,
      1,
      73,
      2,
      "MASK"
    ],
    [
      65,
      80,
      0,
      79,
      0,
      "SDMODEL"
    ],
    [
      66,
      79,
      0,
      61,
      0,
      "STREAM_MODEL"
    ]
  ],
  "groups": [],
  "config": {},
  "extra": {
    "ds": {
      "scale": 0.8390545288824064,
      "offset": [
        26.391713584800645,
        -15.336726456900738
      ]
    }
  },
  "version": 0.4
}